Run,AGE,Assay Type,AvgSpotLen,Bases,BioProject,BioSample,BioSampleModel,Bytes,Center Name,Consent,Cultivar,DATASTORE filetype,DATASTORE provider,DATASTORE region,Ecotype,Experiment,geo_loc_name_country,geo_loc_name_country_continent,geo_loc_name,Instrument,Library Name,LibraryLayout,LibrarySelection,LibrarySource,Organism,Platform,ReleaseDate,replicate,create_date,version,Sample Name,sample_type,SRA Study,temp,time,tissue,treatment,Collection_Date
SRR24630907,six weeks,RNA-Seq,202,695680324,PRJNA973829,SAMN35152225,Plant,362851528,GYEONGSANG NATIONAL UNIVERSITY,public,Capsicum annuum,"run.zq,fastq,sra","s3,ncbi,gs","ncbi.public,gs.us-east1,s3.us-east-1",not collected,SRX20411583,South Korea,Asia,South Korea,Illumina HiSeq 2000,Xag8ra_Mock_0h-3,PAIRED,size fractionation,TRANSCRIPTOMIC,Capsicum annuum,ILLUMINA,2023-05-18T00:00:00Z,biological replicate 3,2023-05-18T04:55:00Z,1,"RNA-Seq of Capsicum annuum: Biotic stress, Xag8ra_Mock treatment_2",RNA-seq,SRP438321,25,0h,Leaves,Xag8ra_Mock,
SRR24630908,six weeks,RNA-Seq,202,873363564,PRJNA973829,SAMN35152217,Plant,449607542,GYEONGSANG NATIONAL UNIVERSITY,public,Capsicum annuum,"sra,run.zq,fastq","s3,gs,ncbi","s3.us-east-1,ncbi.public,gs.us-east1",not collected,SRX20411582,South Korea,Asia,South Korea,Illumina HiSeq 2000,Xag8ra_Mock_0h-1,PAIRED,size fractionation,TRANSCRIPTOMIC,Capsicum annuum,ILLUMINA,2023-05-18T00:00:00Z,biological replicate 1,2023-05-18T04:56:00Z,1,"RNA-Seq of Capsicum annuum: Biotic stress, Xag8ra_Mock treatment_1",RNA-seq,SRP438321,25,0h,Leaves,Xag8ra_Mock,
SRR24630941,six weeks,RNA-Seq,302,5726722112,PRJNA973829,SAMN35152244,Plant,2264265500,GYEONGSANG NATIONAL UNIVERSITY,public,Capsicum annuum,"sra,run.zq,fastq","ncbi,s3,gs","gs.us-east1,s3.us-east-1,ncbi.public",not collected,SRX20411549,South Korea,Asia,South Korea,HiSeq X Ten,mock-0h-3,PAIRED,size fractionation,TRANSCRIPTOMIC,Capsicum annuum,ILLUMINA,2023-05-18T00:00:00Z,biological replicate 3,2023-05-18T05:16:00Z,1,"RNA-Seq of Capsicum annuum: Biotic stress, Xcv_Mock treatment_3",RNA-seq,SRP438321,25,0h,Leaves,Xcv_Mock,
SRR24630942,six weeks,RNA-Seq,302,6718689130,PRJNA973829,SAMN35152243,Plant,2599904843,GYEONGSANG NATIONAL UNIVERSITY,public,Capsicum annuum,"fastq,run.zq,sra","ncbi,gs,s3","gs.us-east1,s3.us-east-1,ncbi.public",not collected,SRX20411548,South Korea,Asia,South Korea,HiSeq X Ten,mock-0h-2,PAIRED,size fractionation,TRANSCRIPTOMIC,Capsicum annuum,ILLUMINA,2023-05-18T00:00:00Z,biological replicate 2,2023-05-18T05:10:00Z,1,"RNA-Seq of Capsicum annuum: Biotic stress, Xcv_Mock treatment_2",RNA-seq,SRP438321,25,0h,Leaves,Xcv_Mock,
SRR24630943,six weeks,RNA-Seq,302,4724221032,PRJNA973829,SAMN35152233,Plant,1833757111,GYEONGSANG NATIONAL UNIVERSITY,public,Capsicum annuum,"run.zq,fastq,sra","gs,s3,ncbi","ncbi.public,gs.us-east1,s3.us-east-1",not collected,SRX20411547,South Korea,Asia,South Korea,HiSeq X Ten,mock-0h-1,PAIRED,size fractionation,TRANSCRIPTOMIC,Capsicum annuum,ILLUMINA,2023-05-18T00:00:00Z,biological replicate 1,2023-05-18T05:01:00Z,1,"RNA-Seq of Capsicum annuum: Biotic stress, Xcv_Mock treatment_1",RNA-seq,SRP438321,25,0h,Leaves,Xcv_Mock,
SRR24630961,six weeks,RNA-Seq,302,1897462678,PRJNA973829,SAMN35152196,Plant,1213666420,GYEONGSANG NATIONAL UNIVERSITY,public,Capsicum annuum,"run.zq,fastq,sra","gs,ncbi,s3","gs.us-east1,s3.us-east-1,ncbi.public",not collected,SRX20411529,South Korea,Asia,South Korea,Illumina HiSeq 2500,CM-0h-3,PAIRED,size fractionation,TRANSCRIPTOMIC,Capsicum annuum,ILLUMINA,2023-05-18T00:00:00Z,biological replicate 3,2023-05-18T04:58:00Z,1,"RNA-Seq of Capsicum annuum: Biotic stress, P.capsici_Mock treatment_3",RNA-seq,SRP438321,25,0h,Leaves,P.capsici_Mock,
SRR24630986,six weeks,RNA-Seq,302,1933541712,PRJNA973829,SAMN35152193,Plant,1236657349,GYEONGSANG NATIONAL UNIVERSITY,public,Capsicum annuum,"sra,run.zq,fastq","s3,gs,ncbi","gs.us-east1,s3.us-east-1,ncbi.public",not collected,SRX20411504,South Korea,Asia,South Korea,Illumina HiSeq 2500,CM-0h-2,PAIRED,size fractionation,TRANSCRIPTOMIC,Capsicum annuum,ILLUMINA,2023-05-18T00:00:00Z,biological replicate 2,2023-05-18T04:58:00Z,1,"RNA-Seq of Capsicum annuum: Biotic stress, P.capsici_Mock treatment_2",RNA-seq,SRP438321,25,0h,Leaves,P.capsici_Mock,
SRR24630987,six weeks,RNA-Seq,302,1539359232,PRJNA973829,SAMN35152182,Plant,985890810,GYEONGSANG NATIONAL UNIVERSITY,public,Capsicum annuum,"fastq,run.zq,sra","ncbi,s3,gs","ncbi.public,s3.us-east-1,gs.us-east1",not collected,SRX20411503,South Korea,Asia,South Korea,Illumina HiSeq 2500,CM-0h-1,PAIRED,size fractionation,TRANSCRIPTOMIC,Capsicum annuum,ILLUMINA,2023-05-18T00:00:00Z,biological replicate 1,2023-05-18T04:59:00Z,1,"RNA-Seq of Capsicum annuum: Biotic stress, P.capsici_Mock treatment_1",RNA-seq,SRP438321,25,0h,Leaves,P.capsici_Mock,
SRR24630874,six weeks,RNA-Seq,302,7777290938,PRJNA973829,SAMN35152278,Plant,2935009498,GYEONGSANG NATIONAL UNIVERSITY,public,Capsicum annuum,"sra,fastq,run.zq","ncbi,s3,gs","gs.us-east1,ncbi.public,s3.us-east-1",not collected,SRX20411616,South Korea,Asia,South Korea,HiSeq X Ten,XCV3-12h-1,PAIRED,size fractionation,TRANSCRIPTOMIC,Capsicum annuum,ILLUMINA,2023-05-18T00:00:00Z,biological replicate 1,2023-05-18T05:10:00Z,1,"RNA-Seq of Capsicum annuum: Biotic stress, Xcv3 treatment_7",RNA-seq,SRP438321,25,12h,Leaves,Xanthomonas campestris pv. vesicatoria race 3,
SRR24630888,six weeks,RNA-Seq,302,5349323282,PRJNA973829,SAMN35152265,Plant,2072630814,GYEONGSANG NATIONAL UNIVERSITY,public,Capsicum annuum,"fastq,sra,run.zq","gs,s3,ncbi","s3.us-east-1,gs.us-east1,ncbi.public",not collected,SRX20411602,South Korea,Asia,South Korea,HiSeq X Ten,XCV1-12h-3,PAIRED,size fractionation,TRANSCRIPTOMIC,Capsicum annuum,ILLUMINA,2023-05-18T00:00:00Z,biological replicate 3,2023-05-18T05:05:00Z,1,"RNA-Seq of Capsicum annuum: Biotic stress, Xcv1 treatment_9",RNA-seq,SRP438321,25,12h,Leaves,Xanthomonas campestris pv. vesicatoria race 1,
SRR24630889,six weeks,RNA-Seq,302,6228953850,PRJNA973829,SAMN35152264,Plant,2424691312,GYEONGSANG NATIONAL UNIVERSITY,public,Capsicum annuum,"fastq,run.zq,sra","s3,ncbi,gs","ncbi.public,s3.us-east-1,gs.us-east1",not collected,SRX20411601,South Korea,Asia,South Korea,HiSeq X Ten,XCV1-12h-2,PAIRED,size fractionation,TRANSCRIPTOMIC,Capsicum annuum,ILLUMINA,2023-05-18T00:00:00Z,biological replicate 2,2023-05-18T05:08:00Z,1,"RNA-Seq of Capsicum annuum: Biotic stress, Xcv1 treatment_8",RNA-seq,SRP438321,25,12h,Leaves,Xanthomonas campestris pv. vesicatoria race 1,
SRR24630890,six weeks,RNA-Seq,302,4869111572,PRJNA973829,SAMN35152263,Plant,1878331068,GYEONGSANG NATIONAL UNIVERSITY,public,Capsicum annuum,"sra,run.zq,fastq","ncbi,s3,gs","s3.us-east-1,ncbi.public,gs.us-east1",not collected,SRX20411600,South Korea,Asia,South Korea,HiSeq X Ten,XCV1-12h-1,PAIRED,size fractionation,TRANSCRIPTOMIC,Capsicum annuum,ILLUMINA,2023-05-18T00:00:00Z,biological replicate 1,2023-05-18T05:06:00Z,1,"RNA-Seq of Capsicum annuum: Biotic stress, Xcv1 treatment_7",RNA-seq,SRP438321,25,12h,Leaves,Xanthomonas campestris pv. vesicatoria race 1,
SRR24630903,six weeks,RNA-Seq,202,1061314060,PRJNA973829,SAMN35152221,Plant,538547509,GYEONGSANG NATIONAL UNIVERSITY,public,Capsicum annuum,"run.zq,sra,fastq","gs,s3,ncbi","gs.us-east1,ncbi.public,s3.us-east-1",not collected,SRX20411587,South Korea,Asia,South Korea,Illumina HiSeq 2000,Xag8ra_Mock_12h-3,PAIRED,size fractionation,TRANSCRIPTOMIC,Capsicum annuum,ILLUMINA,2023-05-18T00:00:00Z,biological replicate 3,2023-05-18T04:57:00Z,1,"RNA-Seq of Capsicum annuum: Biotic stress, Xag8ra_Mock treatment_13",RNA-seq,SRP438321,25,12h,Leaves,Xag8ra_Mock,
SRR24630904,six weeks,RNA-Seq,202,907192100,PRJNA973829,SAMN35152220,Plant,464220498,GYEONGSANG NATIONAL UNIVERSITY,public,Capsicum annuum,"run.zq,sra,fastq","ncbi,gs,s3","s3.us-east-1,gs.us-east1,ncbi.public",not collected,SRX20411586,South Korea,Asia,South Korea,Illumina HiSeq 2000,Xag8ra_Mock_12h-2,PAIRED,size fractionation,TRANSCRIPTOMIC,Capsicum annuum,ILLUMINA,2023-05-18T00:00:00Z,biological replicate 2,2023-05-18T04:56:00Z,1,"RNA-Seq of Capsicum annuum: Biotic stress, Xag8ra_Mock treatment_12",RNA-seq,SRP438321,25,12h,Leaves,Xag8ra_Mock,
SRR24630905,six weeks,RNA-Seq,202,913691854,PRJNA973829,SAMN35152219,Plant,463148380,GYEONGSANG NATIONAL UNIVERSITY,public,Capsicum annuum,"sra,fastq,run.zq","ncbi,gs,s3","ncbi.public,gs.us-east1,s3.us-east-1",not collected,SRX20411585,South Korea,Asia,South Korea,Illumina HiSeq 2000,Xag8ra_Mock_12h-1,PAIRED,size fractionation,TRANSCRIPTOMIC,Capsicum annuum,ILLUMINA,2023-05-18T00:00:00Z,biological replicate 1,2023-05-18T04:56:00Z,1,"RNA-Seq of Capsicum annuum: Biotic stress, Xag8ra_Mock treatment_11",RNA-seq,SRP438321,25,12h,Leaves,Xag8ra_Mock,
SRR24630921,six weeks,RNA-Seq,202,757428492,PRJNA973829,SAMN35152206,Plant,383078739,GYEONGSANG NATIONAL UNIVERSITY,public,Capsicum annuum,"run.zq,fastq,sra","ncbi,s3,gs","gs.us-east1,s3.us-east-1,ncbi.public",not collected,SRX20411569,South Korea,Asia,South Korea,Illumina HiSeq 2000,Xag12h-3,PAIRED,size fractionation,TRANSCRIPTOMIC,Capsicum annuum,ILLUMINA,2023-05-18T00:00:00Z,biological replicate 3,2023-05-18T04:56:00Z,1,"RNA-Seq of Capsicum annuum: Biotic stress, Xag8ra treatment_12",RNA-seq,SRP438321,25,12h,Leaves,Xanthomonas axonopodis pv. glycines 8ra,
SRR24630922,six weeks,RNA-Seq,202,706283304,PRJNA973829,SAMN35152205,Plant,367026656,GYEONGSANG NATIONAL UNIVERSITY,public,Capsicum annuum,"sra,fastq,run.zq","gs,s3,ncbi","ncbi.public,gs.us-east1,s3.us-east-1",not collected,SRX20411568,South Korea,Asia,South Korea,Illumina HiSeq 2000,Xag12h-2,PAIRED,size fractionation,TRANSCRIPTOMIC,Capsicum annuum,ILLUMINA,2023-05-18T00:00:00Z,biological replicate 2,2023-05-18T04:56:00Z,1,"RNA-Seq of Capsicum annuum: Biotic stress, Xag8ra treatment_11",RNA-seq,SRP438321,25,12h,Leaves,Xanthomonas axonopodis pv. glycines 8ra,
SRR24630923,six weeks,RNA-Seq,202,857199120,PRJNA973829,SAMN35152204,Plant,435266632,GYEONGSANG NATIONAL UNIVERSITY,public,Capsicum annuum,"run.zq,fastq,sra","ncbi,s3,gs","ncbi.public,s3.us-east-1,gs.us-east1",not collected,SRX20411567,South Korea,Asia,South Korea,Illumina HiSeq 2000,Xag12h-1,PAIRED,size fractionation,TRANSCRIPTOMIC,Capsicum annuum,ILLUMINA,2023-05-18T00:00:00Z,biological replicate 1,2023-05-18T04:56:00Z,1,"RNA-Seq of Capsicum annuum: Biotic stress, Xag8ra treatment_10",RNA-seq,SRP438321,25,12h,Leaves,Xanthomonas axonopodis pv. glycines 8ra,
SRR24630928,six weeks,RNA-Seq,302,1212297460,PRJNA973829,SAMN35152173,Plant,644275102,GYEONGSANG NATIONAL UNIVERSITY,public,Capsicum annuum,"sra,run.zq,fastq","ncbi,s3,gs","gs.us-east1,s3.us-east-1,ncbi.public",not collected,SRX20411562,South Korea,Asia,South Korea,Illumina HiSeq 2500,CM-PC-12h-3,PAIRED,size fractionation,TRANSCRIPTOMIC,Capsicum annuum,ILLUMINA,2023-05-18T00:00:00Z,biological replicate 3,2023-05-18T04:56:00Z,1,"RNA-Seq of Capsicum annuum: Biotic stress, P.capsici treatment_15",RNA-seq,SRP438321,25,12h,Leaves,Phytophthora capsici,
SRR24630937,six weeks,RNA-Seq,302,5221549196,PRJNA973829,SAMN35152236,Plant,2005511099,GYEONGSANG NATIONAL UNIVERSITY,public,Capsicum annuum,"sra,fastq,run.zq","gs,s3,ncbi","gs.us-east1,ncbi.public,s3.us-east-1",not collected,SRX20411553,South Korea,Asia,South Korea,HiSeq X Ten,mock-12h-3,PAIRED,size fractionation,TRANSCRIPTOMIC,Capsicum annuum,ILLUMINA,2023-05-18T00:00:00Z,biological replicate 3,2023-05-18T05:02:00Z,1,"RNA-Seq of Capsicum annuum: Biotic stress, Xcv_Mock treatment_12",RNA-seq,SRP438321,25,12h,Leaves,Xcv_Mock,
SRR24630938,six weeks,RNA-Seq,302,6349776198,PRJNA973829,SAMN35152235,Plant,2473646201,GYEONGSANG NATIONAL UNIVERSITY,public,Capsicum annuum,"fastq,run.zq,sra","s3,gs,ncbi","ncbi.public,s3.us-east-1,gs.us-east1",not collected,SRX20411552,South Korea,Asia,South Korea,HiSeq X Ten,mock-12h-2,PAIRED,size fractionation,TRANSCRIPTOMIC,Capsicum annuum,ILLUMINA,2023-05-18T00:00:00Z,biological replicate 2,2023-05-18T05:04:00Z,1,"RNA-Seq of Capsicum annuum: Biotic stress, Xcv_Mock treatment_11",RNA-seq,SRP438321,25,12h,Leaves,Xcv_Mock,
SRR24630939,six weeks,RNA-Seq,302,1190880526,PRJNA973829,SAMN35152172,Plant,632308739,GYEONGSANG NATIONAL UNIVERSITY,public,Capsicum annuum,"sra,run.zq,fastq","s3,gs,ncbi","s3.us-east-1,gs.us-east1,ncbi.public",not collected,SRX20411551,South Korea,Asia,South Korea,Illumina HiSeq 2500,CM-PC-12h-2,PAIRED,size fractionation,TRANSCRIPTOMIC,Capsicum annuum,ILLUMINA,2023-05-18T00:00:00Z,biological replicate 2,2023-05-18T04:55:00Z,1,"RNA-Seq of Capsicum annuum: Biotic stress, P.capsici treatment_14",RNA-seq,SRP438321,25,12h,Leaves,Phytophthora capsici,
SRR24630940,six weeks,RNA-Seq,302,5361471836,PRJNA973829,SAMN35152234,Plant,2090651232,GYEONGSANG NATIONAL UNIVERSITY,public,Capsicum annuum,"run.zq,fastq,sra","gs,s3,ncbi","gs.us-east1,s3.us-east-1,ncbi.public",not collected,SRX20411550,South Korea,Asia,South Korea,HiSeq X Ten,mock-12h-1,PAIRED,size fractionation,TRANSCRIPTOMIC,Capsicum annuum,ILLUMINA,2023-05-18T00:00:00Z,biological replicate 1,2023-05-18T05:03:00Z,1,"RNA-Seq of Capsicum annuum: Biotic stress, Xcv_Mock treatment_10",RNA-seq,SRP438321,25,12h,Leaves,Xcv_Mock,
SRR24630950,six weeks,RNA-Seq,302,2489393852,PRJNA973829,SAMN35152171,Plant,1581979779,GYEONGSANG NATIONAL UNIVERSITY,public,Capsicum annuum,"fastq,sra,run.zq","gs,s3,ncbi","ncbi.public,gs.us-east1,s3.us-east-1",not collected,SRX20411540,South Korea,Asia,South Korea,Illumina HiSeq 2500,CM-PC-12h-1,PAIRED,size fractionation,TRANSCRIPTOMIC,Capsicum annuum,ILLUMINA,2023-05-18T00:00:00Z,biological replicate 1,2023-05-18T04:58:00Z,1,"RNA-Seq of Capsicum annuum: Biotic stress, P.capsici treatment_13",RNA-seq,SRP438321,25,12h,Leaves,Phytophthora capsici,
SRR24630960,six weeks,RNA-Seq,302,401547656,PRJNA973829,SAMN35152191,Plant,216007604,GYEONGSANG NATIONAL UNIVERSITY,public,Capsicum annuum,"run.zq,fastq,sra","ncbi,s3,gs","s3.us-east-1,gs.us-east1,ncbi.public",not collected,SRX20411530,South Korea,Asia,South Korea,Illumina HiSeq 2500,CM-PC-TDW-12h-3,PAIRED,size fractionation,TRANSCRIPTOMIC,Capsicum annuum,ILLUMINA,2023-05-18T00:00:00Z,biological replicate 3,2023-05-18T04:55:00Z,1,"RNA-Seq of Capsicum annuum: Biotic stress, P.capsici_Mock treatment_18",RNA-seq,SRP438321,25,12h,Leaves,P.capsici_Mock,
SRR24630962,six weeks,RNA-Seq,302,535057024,PRJNA973829,SAMN35152190,Plant,286409532,GYEONGSANG NATIONAL UNIVERSITY,public,Capsicum annuum,"run.zq,fastq,sra","gs,s3,ncbi","ncbi.public,s3.us-east-1,gs.us-east1",not collected,SRX20411528,South Korea,Asia,South Korea,Illumina HiSeq 2500,CM-PC-TDW-12h-2,PAIRED,size fractionation,TRANSCRIPTOMIC,Capsicum annuum,ILLUMINA,2023-05-18T00:00:00Z,biological replicate 2,2023-05-18T04:56:00Z,1,"RNA-Seq of Capsicum annuum: Biotic stress, P.capsici_Mock treatment_17",RNA-seq,SRP438321,25,12h,Leaves,P.capsici_Mock,
SRR24630963,six weeks,RNA-Seq,302,501699010,PRJNA973829,SAMN35152189,Plant,270431972,GYEONGSANG NATIONAL UNIVERSITY,public,Capsicum annuum,"run.zq,fastq,sra","ncbi,gs,s3","gs.us-east1,ncbi.public,s3.us-east-1",not collected,SRX20411527,South Korea,Asia,South Korea,Illumina HiSeq 2500,CM-PC-TDW-12h-1,PAIRED,size fractionation,TRANSCRIPTOMIC,Capsicum annuum,ILLUMINA,2023-05-18T00:00:00Z,biological replicate 1,2023-05-18T04:55:00Z,1,"RNA-Seq of Capsicum annuum: Biotic stress, P.capsici_Mock treatment_16",RNA-seq,SRP438321,25,12h,Leaves,P.capsici_Mock,
SRR24630983,six weeks,RNA-Seq,302,5321259026,PRJNA973829,SAMN35152280,Plant,2017868563,GYEONGSANG NATIONAL UNIVERSITY,public,Capsicum annuum,"fastq,sra,run.zq","gs,ncbi,s3","gs.us-east1,s3.us-east-1,ncbi.public",not collected,SRX20411507,South Korea,Asia,South Korea,HiSeq X Ten,XCV3-12h-3,PAIRED,size fractionation,TRANSCRIPTOMIC,Capsicum annuum,ILLUMINA,2023-05-18T00:00:00Z,biological replicate 3,2023-05-18T05:00:00Z,1,"RNA-Seq of Capsicum annuum: Biotic stress, Xcv3 treatment_9",RNA-seq,SRP438321,25,12h,Leaves,Xanthomonas campestris pv. vesicatoria race 3,
SRR24630984,six weeks,RNA-Seq,302,5486661104,PRJNA973829,SAMN35152279,Plant,2105500345,GYEONGSANG NATIONAL UNIVERSITY,public,Capsicum annuum,"sra,fastq,run.zq","ncbi,gs,s3","ncbi.public,gs.us-east1,s3.us-east-1",not collected,SRX20411506,South Korea,Asia,South Korea,HiSeq X Ten,XCV3-12h-2,PAIRED,size fractionation,TRANSCRIPTOMIC,Capsicum annuum,ILLUMINA,2023-05-18T00:00:00Z,biological replicate 2,2023-05-18T05:02:00Z,1,"RNA-Seq of Capsicum annuum: Biotic stress, Xcv3 treatment_8",RNA-seq,SRP438321,25,12h,Leaves,Xanthomonas campestris pv. vesicatoria race 3,
SRR24630957,six weeks,RNA-Seq,302,750219944,PRJNA973829,SAMN35152195,Plant,431080204,GYEONGSANG NATIONAL UNIVERSITY,public,Capsicum annuum,"fastq,sra,run.zq","s3,ncbi,gs","ncbi.public,gs.us-east1,s3.us-east-1",not collected,SRX20411533,South Korea,Asia,South Korea,Illumina HiSeq 2500,CM-PC-TDW-1D-3,PAIRED,size fractionation,TRANSCRIPTOMIC,Capsicum annuum,ILLUMINA,2023-05-18T00:00:00Z,biological replicate 3,2023-05-18T04:56:00Z,1,"RNA-Seq of Capsicum annuum: Biotic stress, P.capsici_Mock treatment_21",RNA-seq,SRP438321,25,1D,Leaves,P.capsici_Mock,
SRR24630958,six weeks,RNA-Seq,302,858967124,PRJNA973829,SAMN35152194,Plant,486879611,GYEONGSANG NATIONAL UNIVERSITY,public,Capsicum annuum,"run.zq,fastq,sra","s3,ncbi,gs","gs.us-east1,s3.us-east-1,ncbi.public",not collected,SRX20411532,South Korea,Asia,South Korea,Illumina HiSeq 2500,CM-PC-TDW-1D-2,PAIRED,size fractionation,TRANSCRIPTOMIC,Capsicum annuum,ILLUMINA,2023-05-18T00:00:00Z,biological replicate 2,2023-05-18T04:56:00Z,1,"RNA-Seq of Capsicum annuum: Biotic stress, P.capsici_Mock treatment_20",RNA-seq,SRP438321,25,1D,Leaves,P.capsici_Mock,
SRR24630959,six weeks,RNA-Seq,302,795567056,PRJNA973829,SAMN35152192,Plant,450884070,GYEONGSANG NATIONAL UNIVERSITY,public,Capsicum annuum,"fastq,run.zq,sra","s3,ncbi,gs","s3.us-east-1,gs.us-east1,ncbi.public",not collected,SRX20411531,South Korea,Asia,South Korea,Illumina HiSeq 2500,CM-PC-TDW-1D-1,PAIRED,size fractionation,TRANSCRIPTOMIC,Capsicum annuum,ILLUMINA,2023-05-18T00:00:00Z,biological replicate 1,2023-05-18T04:56:00Z,1,"RNA-Seq of Capsicum annuum: Biotic stress, P.capsici_Mock treatment_19",RNA-seq,SRP438321,25,1D,Leaves,P.capsici_Mock,
SRR25511955,six weeks,RNA-Seq,302,957794510,PRJNA973829,SAMN36830168,Plant,540241980,GYEONGSANG NATIONAL UNIVERSITY,public,Capsicum annuum,"run.zq,sra,fastq","gs,ncbi,s3","gs.us-east1,s3.us-east-1,ncbi.public",not collected,SRX21242431,South Korea,Asia,South Korea,Illumina HiSeq 2500,CM-PC-1D-3,PAIRED,size fractionation,TRANSCRIPTOMIC,Capsicum annuum,ILLUMINA,2023-08-03T00:00:00Z,biological replicate 3,2023-08-03T22:21:00Z,1,"RNA-Seq of Capsicum annuum: Biotic stress, P.capsici treatment_18",RNA-seq,SRP438321,25,1D,Leaves,Phytophthora capsici,Missing
SRR25511956,six weeks,RNA-Seq,302,912460384,PRJNA973829,SAMN36830167,Plant,518446600,GYEONGSANG NATIONAL UNIVERSITY,public,Capsicum annuum,"run.zq,sra,fastq","gs,s3,ncbi","ncbi.public,gs.us-east1,s3.us-east-1",not collected,SRX21242430,South Korea,Asia,South Korea,Illumina HiSeq 2500,CM-PC-1D-2,PAIRED,size fractionation,TRANSCRIPTOMIC,Capsicum annuum,ILLUMINA,2023-08-03T00:00:00Z,biological replicate 2,2023-08-03T22:22:00Z,1,"RNA-Seq of Capsicum annuum: Biotic stress, P.capsici treatment_17",RNA-seq,SRP438321,25,1D,Leaves,Phytophthora capsici,Missing
SRR25511957,six weeks,RNA-Seq,302,1349928222,PRJNA973829,SAMN36830166,Plant,723513868,GYEONGSANG NATIONAL UNIVERSITY,public,Capsicum annuum,"fastq,sra,run.zq","gs,s3,ncbi","gs.us-east1,ncbi.public,s3.us-east-1",not collected,SRX21242429,South Korea,Asia,South Korea,Illumina HiSeq 2500,CM-PC-1D-1,PAIRED,size fractionation,TRANSCRIPTOMIC,Capsicum annuum,ILLUMINA,2023-08-03T00:00:00Z,biological replicate 1,2023-08-03T22:23:00Z,1,"RNA-Seq of Capsicum annuum: Biotic stress, P.capsici treatment_16",RNA-seq,SRP438321,25,1D,Leaves,Phytophthora capsici,Missing
SRR24630895,six weeks,RNA-Seq,302,1981171944,PRJNA973829,SAMN35152175,Plant,1275387912,GYEONGSANG NATIONAL UNIVERSITY,public,Capsicum annuum,"run.zq,fastq,sra","ncbi,gs,s3","gs.us-east1,s3.us-east-1,ncbi.public",not collected,SRX20411595,South Korea,Asia,South Korea,Illumina HiSeq 2500,CM-PC-1h-3,PAIRED,size fractionation,TRANSCRIPTOMIC,Capsicum annuum,ILLUMINA,2023-05-18T00:00:00Z,biological replicate 3,2023-05-18T04:58:00Z,1,"RNA-Seq of Capsicum annuum: Biotic stress, P.capsici treatment_3",RNA-seq,SRP438321,25,1h,Leaves,Phytophthora capsici,
SRR24630900,six weeks,RNA-Seq,202,656553732,PRJNA973829,SAMN35152228,Plant,341364422,GYEONGSANG NATIONAL UNIVERSITY,public,Capsicum annuum,"run.zq,fastq,sra","ncbi,gs,s3","gs.us-east1,ncbi.public,s3.us-east-1",not collected,SRX20411590,South Korea,Asia,South Korea,Illumina HiSeq 2000,Xag8ra_Mock_1h-3,PAIRED,size fractionation,TRANSCRIPTOMIC,Capsicum annuum,ILLUMINA,2023-05-18T00:00:00Z,biological replicate 3,2023-05-18T04:56:00Z,1,"RNA-Seq of Capsicum annuum: Biotic stress, Xag8ra_Mock treatment_5",RNA-seq,SRP438321,25,1h,Leaves,Xag8ra_Mock,
SRR24630901,six weeks,RNA-Seq,202,667659894,PRJNA973829,SAMN35152227,Plant,339485660,GYEONGSANG NATIONAL UNIVERSITY,public,Capsicum annuum,"fastq,run.zq,sra","s3,gs,ncbi","s3.us-east-1,gs.us-east1,ncbi.public",not collected,SRX20411589,South Korea,Asia,South Korea,Illumina HiSeq 2000,Xag8ra_Mock_1h-2,PAIRED,size fractionation,TRANSCRIPTOMIC,Capsicum annuum,ILLUMINA,2023-05-18T00:00:00Z,biological replicate 2,2023-05-18T04:56:00Z,1,"RNA-Seq of Capsicum annuum: Biotic stress, Xag8ra_Mock treatment_4",RNA-seq,SRP438321,25,1h,Leaves,Xag8ra_Mock,
SRR24630902,six weeks,RNA-Seq,202,758801486,PRJNA973829,SAMN35152226,Plant,390640260,GYEONGSANG NATIONAL UNIVERSITY,public,Capsicum annuum,"fastq,run.zq,sra","ncbi,s3,gs","s3.us-east-1,ncbi.public,gs.us-east1",not collected,SRX20411588,South Korea,Asia,South Korea,Illumina HiSeq 2000,Xag8ra_Mock_1h-1,PAIRED,size fractionation,TRANSCRIPTOMIC,Capsicum annuum,ILLUMINA,2023-05-18T00:00:00Z,biological replicate 1,2023-05-18T04:55:00Z,1,"RNA-Seq of Capsicum annuum: Biotic stress, Xag8ra_Mock treatment_3",RNA-seq,SRP438321,25,1h,Leaves,Xag8ra_Mock,
SRR24630906,six weeks,RNA-Seq,302,2125283928,PRJNA973829,SAMN35152174,Plant,1360198626,GYEONGSANG NATIONAL UNIVERSITY,public,Capsicum annuum,"sra,fastq,run.zq","gs,s3,ncbi","gs.us-east1,s3.us-east-1,ncbi.public",not collected,SRX20411584,South Korea,Asia,South Korea,Illumina HiSeq 2500,CM-PC-1h-2,PAIRED,size fractionation,TRANSCRIPTOMIC,Capsicum annuum,ILLUMINA,2023-05-18T00:00:00Z,biological replicate 2,2023-05-18T04:56:00Z,1,"RNA-Seq of Capsicum annuum: Biotic stress, P.capsici treatment_2",RNA-seq,SRP438321,25,1h,Leaves,Phytophthora capsici,
SRR24630917,six weeks,RNA-Seq,302,1501309044,PRJNA973829,SAMN35152167,Plant,961089292,GYEONGSANG NATIONAL UNIVERSITY,public,Capsicum annuum,"fastq,run.zq,sra","ncbi,s3,gs","ncbi.public,s3.us-east-1,gs.us-east1",not collected,SRX20411573,South Korea,Asia,South Korea,Illumina HiSeq 2500,CM-PC-1h-1,PAIRED,size fractionation,TRANSCRIPTOMIC,Capsicum annuum,ILLUMINA,2023-05-18T00:00:00Z,biological replicate 1,2023-05-18T04:57:00Z,1,"RNA-Seq of Capsicum annuum: Biotic stress, P.capsici treatment_1",RNA-seq,SRP438321,25,1h,Leaves,Phytophthora capsici,
SRR24630918,six weeks,RNA-Seq,202,949574326,PRJNA973829,SAMN35152210,Plant,497120305,GYEONGSANG NATIONAL UNIVERSITY,public,Capsicum annuum,"run.zq,sra,fastq","gs,ncbi,s3","gs.us-east1,s3.us-east-1,ncbi.public",not collected,SRX20411572,South Korea,Asia,South Korea,Illumina HiSeq 2000,Xag1h-3,PAIRED,size fractionation,TRANSCRIPTOMIC,Capsicum annuum,ILLUMINA,2023-05-18T00:00:00Z,biological replicate 3,2023-05-18T04:56:00Z,1,"RNA-Seq of Capsicum annuum: Biotic stress, Xag8ra treatment_3",RNA-seq,SRP438321,25,1h,Leaves,Xanthomonas axonopodis pv. glycines 8ra,
SRR24630919,six weeks,RNA-Seq,202,996949790,PRJNA973829,SAMN35152209,Plant,514637508,GYEONGSANG NATIONAL UNIVERSITY,public,Capsicum annuum,"fastq,run.zq,sra","gs,s3,ncbi","gs.us-east1,ncbi.public,s3.us-east-1",not collected,SRX20411571,South Korea,Asia,South Korea,Illumina HiSeq 2000,Xag1h-2,PAIRED,size fractionation,TRANSCRIPTOMIC,Capsicum annuum,ILLUMINA,2023-05-18T00:00:00Z,biological replicate 2,2023-05-18T04:56:00Z,1,"RNA-Seq of Capsicum annuum: Biotic stress, Xag8ra treatment_2",RNA-seq,SRP438321,25,1h,Leaves,Xanthomonas axonopodis pv. glycines 8ra,
SRR24630920,six weeks,RNA-Seq,202,910455208,PRJNA973829,SAMN35152203,Plant,466699581,GYEONGSANG NATIONAL UNIVERSITY,public,Capsicum annuum,"sra,run.zq,fastq","gs,s3,ncbi","ncbi.public,s3.us-east-1,gs.us-east1",not collected,SRX20411570,South Korea,Asia,South Korea,Illumina HiSeq 2000,Xag1h-1,PAIRED,size fractionation,TRANSCRIPTOMIC,Capsicum annuum,ILLUMINA,2023-05-18T00:00:00Z,biological replicate 1,2023-05-18T04:57:00Z,1,"RNA-Seq of Capsicum annuum: Biotic stress, Xag8ra treatment_1",RNA-seq,SRP438321,25,1h,Leaves,Xanthomonas axonopodis pv. glycines 8ra,
SRR24630954,six weeks,RNA-Seq,302,1218400880,PRJNA973829,SAMN35152199,Plant,675589239,GYEONGSANG NATIONAL UNIVERSITY,public,Capsicum annuum,"run.zq,sra,fastq","gs,s3,ncbi","ncbi.public,gs.us-east1,s3.us-east-1",not collected,SRX20411536,South Korea,Asia,South Korea,Illumina HiSeq 2500,CM-PC-TDW-1h-3,PAIRED,size fractionation,TRANSCRIPTOMIC,Capsicum annuum,ILLUMINA,2023-05-18T00:00:00Z,biological replicate 3,2023-05-18T04:56:00Z,1,"RNA-Seq of Capsicum annuum: Biotic stress, P.capsici_Mock treatment_6",RNA-seq,SRP438321,25,1h,Leaves,P.capsici_Mock,
SRR24630955,six weeks,RNA-Seq,302,1149988216,PRJNA973829,SAMN35152198,Plant,633409108,GYEONGSANG NATIONAL UNIVERSITY,public,Capsicum annuum,"sra,run.zq,fastq","s3,ncbi,gs","s3.us-east-1,gs.us-east1,ncbi.public",not collected,SRX20411535,South Korea,Asia,South Korea,Illumina HiSeq 2500,CM-PC-TDW-1h-2,PAIRED,size fractionation,TRANSCRIPTOMIC,Capsicum annuum,ILLUMINA,2023-05-18T00:00:00Z,biological replicate 2,2023-05-18T04:57:00Z,1,"RNA-Seq of Capsicum annuum: Biotic stress, P.capsici_Mock treatment_5",RNA-seq,SRP438321,25,1h,Leaves,P.capsici_Mock,
SRR24630956,six weeks,RNA-Seq,302,1134807280,PRJNA973829,SAMN35152197,Plant,620293962,GYEONGSANG NATIONAL UNIVERSITY,public,Capsicum annuum,"fastq,run.zq,sra","s3,gs,ncbi","gs.us-east1,ncbi.public,s3.us-east-1",not collected,SRX20411534,South Korea,Asia,South Korea,Illumina HiSeq 2500,CM-PC-TDW-1h-1,PAIRED,size fractionation,TRANSCRIPTOMIC,Capsicum annuum,ILLUMINA,2023-05-18T00:00:00Z,biological replicate 1,2023-05-18T04:56:00Z,1,"RNA-Seq of Capsicum annuum: Biotic stress, P.capsici_Mock treatment_4",RNA-seq,SRP438321,25,1h,Leaves,P.capsici_Mock,
SRR24630885,six weeks,RNA-Seq,302,5483519398,PRJNA973829,SAMN35152254,Plant,2110090720,GYEONGSANG NATIONAL UNIVERSITY,public,Capsicum annuum,"run.zq,sra,fastq","s3,ncbi,gs","s3.us-east-1,gs.us-east1,ncbi.public",not collected,SRX20411605,South Korea,Asia,South Korea,HiSeq X Ten,XCV1-24h-3,PAIRED,size fractionation,TRANSCRIPTOMIC,Capsicum annuum,ILLUMINA,2023-05-18T00:00:00Z,biological replicate 3,2023-05-18T05:02:00Z,1,"RNA-Seq of Capsicum annuum: Biotic stress, Xcv1 treatment_12",RNA-seq,SRP438321,25,24h,Leaves,Xanthomonas campestris pv. vesicatoria race 1,
SRR24630886,six weeks,RNA-Seq,302,5542592108,PRJNA973829,SAMN35152253,Plant,2127911680,GYEONGSANG NATIONAL UNIVERSITY,public,Capsicum annuum,"fastq,run.zq,sra","gs,ncbi,s3","gs.us-east1,ncbi.public,s3.us-east-1",not collected,SRX20411604,South Korea,Asia,South Korea,HiSeq X Ten,XCV1-24h-2,PAIRED,size fractionation,TRANSCRIPTOMIC,Capsicum annuum,ILLUMINA,2023-05-18T00:00:00Z,biological replicate 2,2023-05-18T05:14:00Z,1,"RNA-Seq of Capsicum annuum: Biotic stress, Xcv1 treatment_11",RNA-seq,SRP438321,25,24h,Leaves,Xanthomonas campestris pv. vesicatoria race 1,
SRR24630887,six weeks,RNA-Seq,302,6413445952,PRJNA973829,SAMN35152252,Plant,2497980934,GYEONGSANG NATIONAL UNIVERSITY,public,Capsicum annuum,"run.zq,fastq,sra","ncbi,s3,gs","s3.us-east-1,ncbi.public,gs.us-east1",not collected,SRX20411603,South Korea,Asia,South Korea,HiSeq X Ten,XCV1-24h-1,PAIRED,size fractionation,TRANSCRIPTOMIC,Capsicum annuum,ILLUMINA,2023-05-18T00:00:00Z,biological replicate 1,2023-05-18T05:11:00Z,1,"RNA-Seq of Capsicum annuum: Biotic stress, Xcv1 treatment_10",RNA-seq,SRP438321,25,24h,Leaves,Xanthomonas campestris pv. vesicatoria race 1,
SRR24630897,six weeks,RNA-Seq,202,1114844464,PRJNA973829,SAMN35152224,Plant,574164096,GYEONGSANG NATIONAL UNIVERSITY,public,Capsicum annuum,"run.zq,sra,fastq","ncbi,gs,s3","s3.us-east-1,gs.us-east1,ncbi.public",not collected,SRX20411593,South Korea,Asia,South Korea,Illumina HiSeq 2000,Xag8ra_Mock_24h-3,PAIRED,size fractionation,TRANSCRIPTOMIC,Capsicum annuum,ILLUMINA,2023-05-18T00:00:00Z,biological replicate 3,2023-05-18T04:57:00Z,1,"RNA-Seq of Capsicum annuum: Biotic stress, Xag8ra_Mock treatment_16",RNA-seq,SRP438321,25,24h,Leaves,Xag8ra_Mock,
SRR24630898,six weeks,RNA-Seq,202,986690816,PRJNA973829,SAMN35152223,Plant,508676642,GYEONGSANG NATIONAL UNIVERSITY,public,Capsicum annuum,"sra,fastq,run.zq","gs,ncbi,s3","gs.us-east1,s3.us-east-1,ncbi.public",not collected,SRX20411592,South Korea,Asia,South Korea,Illumina HiSeq 2000,Xag8ra_Mock_24h-2,PAIRED,size fractionation,TRANSCRIPTOMIC,Capsicum annuum,ILLUMINA,2023-05-18T00:00:00Z,biological replicate 2,2023-05-18T04:56:00Z,1,"RNA-Seq of Capsicum annuum: Biotic stress, Xag8ra_Mock treatment_15",RNA-seq,SRP438321,25,24h,Leaves,Xag8ra_Mock,
SRR24630899,six weeks,RNA-Seq,202,1010359762,PRJNA973829,SAMN35152222,Plant,517751388,GYEONGSANG NATIONAL UNIVERSITY,public,Capsicum annuum,"sra,fastq,run.zq","gs,ncbi,s3","ncbi.public,gs.us-east1,s3.us-east-1",not collected,SRX20411591,South Korea,Asia,South Korea,Illumina HiSeq 2000,Xag8ra_Mock_24h-1,PAIRED,size fractionation,TRANSCRIPTOMIC,Capsicum annuum,ILLUMINA,2023-05-18T00:00:00Z,biological replicate 1,2023-05-18T04:56:00Z,1,"RNA-Seq of Capsicum annuum: Biotic stress, Xag8ra_Mock treatment_14",RNA-seq,SRP438321,25,24h,Leaves,Xag8ra_Mock,
SRR24630915,six weeks,RNA-Seq,202,653694422,PRJNA973829,SAMN35152208,Plant,331546249,GYEONGSANG NATIONAL UNIVERSITY,public,Capsicum annuum,"sra,fastq,run.zq","ncbi,s3,gs","gs.us-east1,ncbi.public,s3.us-east-1",not collected,SRX20411575,South Korea,Asia,South Korea,Illumina HiSeq 2000,Xag24h-2,PAIRED,size fractionation,TRANSCRIPTOMIC,Capsicum annuum,ILLUMINA,2023-05-18T00:00:00Z,biological replicate 2,2023-05-18T04:55:00Z,1,"RNA-Seq of Capsicum annuum: Biotic stress, Xag8ra treatment_14",RNA-seq,SRP438321,25,24h,Leaves,Xanthomonas axonopodis pv. glycines 8ra,
SRR24630916,six weeks,RNA-Seq,202,754853396,PRJNA973829,SAMN35152207,Plant,388425754,GYEONGSANG NATIONAL UNIVERSITY,public,Capsicum annuum,"run.zq,sra,fastq","ncbi,gs,s3","ncbi.public,s3.us-east-1,gs.us-east1",not collected,SRX20411574,South Korea,Asia,South Korea,Illumina HiSeq 2000,Xag24h-1,PAIRED,size fractionation,TRANSCRIPTOMIC,Capsicum annuum,ILLUMINA,2023-05-18T00:00:00Z,biological replicate 1,2023-05-18T04:56:00Z,1,"RNA-Seq of Capsicum annuum: Biotic stress, Xag8ra treatment_13",RNA-seq,SRP438321,25,24h,Leaves,Xanthomonas axonopodis pv. glycines 8ra,
SRR24630934,six weeks,RNA-Seq,302,6299960694,PRJNA973829,SAMN35152239,Plant,2431978723,GYEONGSANG NATIONAL UNIVERSITY,public,Capsicum annuum,"fastq,sra,run.zq","gs,ncbi,s3","gs.us-east1,s3.us-east-1,ncbi.public",not collected,SRX20411556,South Korea,Asia,South Korea,HiSeq X Ten,mock-24h-3,PAIRED,size fractionation,TRANSCRIPTOMIC,Capsicum annuum,ILLUMINA,2023-05-18T00:00:00Z,biological replicate 3,2023-05-18T05:09:00Z,1,"RNA-Seq of Capsicum annuum: Biotic stress, Xcv_Mock treatment_15",RNA-seq,SRP438321,25,24h,Leaves,Xcv_Mock,
SRR24630935,six weeks,RNA-Seq,302,5729957740,PRJNA973829,SAMN35152238,Plant,2204503641,GYEONGSANG NATIONAL UNIVERSITY,public,Capsicum annuum,"fastq,run.zq,sra","s3,ncbi,gs","s3.us-east-1,gs.us-east1,ncbi.public",not collected,SRX20411555,South Korea,Asia,South Korea,HiSeq X Ten,mock-24h-2,PAIRED,size fractionation,TRANSCRIPTOMIC,Capsicum annuum,ILLUMINA,2023-05-18T00:00:00Z,biological replicate 2,2023-05-18T05:08:00Z,1,"RNA-Seq of Capsicum annuum: Biotic stress, Xcv_Mock treatment_14",RNA-seq,SRP438321,25,24h,Leaves,Xcv_Mock,
SRR24630936,six weeks,RNA-Seq,302,6170849352,PRJNA973829,SAMN35152237,Plant,2411080411,GYEONGSANG NATIONAL UNIVERSITY,public,Capsicum annuum,"sra,run.zq,fastq","gs,s3,ncbi","gs.us-east1,s3.us-east-1,ncbi.public",not collected,SRX20411554,South Korea,Asia,South Korea,HiSeq X Ten,mock-24h-1,PAIRED,size fractionation,TRANSCRIPTOMIC,Capsicum annuum,ILLUMINA,2023-05-18T00:00:00Z,biological replicate 1,2023-05-18T05:13:00Z,1,"RNA-Seq of Capsicum annuum: Biotic stress, Xcv_Mock treatment_13",RNA-seq,SRP438321,25,24h,Leaves,Xcv_Mock,
SRR24630980,six weeks,RNA-Seq,302,5303904898,PRJNA973829,SAMN35152269,Plant,1986714375,GYEONGSANG NATIONAL UNIVERSITY,public,Capsicum annuum,"sra,fastq,run.zq","ncbi,gs,s3","gs.us-east1,s3.us-east-1,ncbi.public",not collected,SRX20411510,South Korea,Asia,South Korea,HiSeq X Ten,XCV3-24h-3,PAIRED,size fractionation,TRANSCRIPTOMIC,Capsicum annuum,ILLUMINA,2023-05-18T00:00:00Z,biological replicate 3,2023-05-18T05:03:00Z,1,"RNA-Seq of Capsicum annuum: Biotic stress, Xcv3 treatment_12",RNA-seq,SRP438321,25,24h,Leaves,Xanthomonas campestris pv. vesicatoria race 3,
SRR24630981,six weeks,RNA-Seq,302,4879649258,PRJNA973829,SAMN35152268,Plant,1865038144,GYEONGSANG NATIONAL UNIVERSITY,public,Capsicum annuum,"sra,run.zq,fastq","s3,gs,ncbi","gs.us-east1,ncbi.public,s3.us-east-1",not collected,SRX20411509,South Korea,Asia,South Korea,HiSeq X Ten,XCV3-24h-2,PAIRED,size fractionation,TRANSCRIPTOMIC,Capsicum annuum,ILLUMINA,2023-05-18T00:00:00Z,biological replicate 2,2023-05-18T05:05:00Z,1,"RNA-Seq of Capsicum annuum: Biotic stress, Xcv3 treatment_11",RNA-seq,SRP438321,25,24h,Leaves,Xanthomonas campestris pv. vesicatoria race 3,
SRR24630982,six weeks,RNA-Seq,302,5924684622,PRJNA973829,SAMN35152267,Plant,2261152915,GYEONGSANG NATIONAL UNIVERSITY,public,Capsicum annuum,"sra,run.zq,fastq","ncbi,s3,gs","ncbi.public,s3.us-east-1,gs.us-east1",not collected,SRX20411508,South Korea,Asia,South Korea,HiSeq X Ten,XCV3-24h-1,PAIRED,size fractionation,TRANSCRIPTOMIC,Capsicum annuum,ILLUMINA,2023-05-18T00:00:00Z,biological replicate 1,2023-05-18T05:03:00Z,1,"RNA-Seq of Capsicum annuum: Biotic stress, Xcv3 treatment_10",RNA-seq,SRP438321,25,24h,Leaves,Xanthomonas campestris pv. vesicatoria race 3,
SRR24630884,six weeks,RNA-Seq,302,2408387486,PRJNA973829,SAMN35152176,Plant,1530920473,GYEONGSANG NATIONAL UNIVERSITY,public,Capsicum annuum,"fastq,sra,run.zq","gs,ncbi,s3","ncbi.public,s3.us-east-1,gs.us-east1",not collected,SRX20411606,South Korea,Asia,South Korea,Illumina HiSeq 2500,CM-PC-2h-1,PAIRED,size fractionation,TRANSCRIPTOMIC,Capsicum annuum,ILLUMINA,2023-05-18T00:00:00Z,biological replicate 1,2023-05-18T04:58:00Z,1,"RNA-Seq of Capsicum annuum: Biotic stress, P.capsici treatment_4",RNA-seq,SRP438321,25,2h,Leaves,Phytophthora capsici,
SRR24630951,six weeks,RNA-Seq,302,1234151992,PRJNA973829,SAMN35152202,Plant,670307410,GYEONGSANG NATIONAL UNIVERSITY,public,Capsicum annuum,"fastq,sra,run.zq","ncbi,gs,s3","gs.us-east1,ncbi.public,s3.us-east-1",not collected,SRX20411539,South Korea,Asia,South Korea,Illumina HiSeq 2500,CM-PC-TDW-2h-3,PAIRED,size fractionation,TRANSCRIPTOMIC,Capsicum annuum,ILLUMINA,2023-05-18T00:00:00Z,biological replicate 3,2023-05-18T04:57:00Z,1,"RNA-Seq of Capsicum annuum: Biotic stress, P.capsici_Mock treatment_9",RNA-seq,SRP438321,25,2h,Leaves,P.capsici_Mock,
SRR24630952,six weeks,RNA-Seq,302,1093602400,PRJNA973829,SAMN35152201,Plant,592922719,GYEONGSANG NATIONAL UNIVERSITY,public,Capsicum annuum,"run.zq,fastq,sra","ncbi,s3,gs","s3.us-east-1,ncbi.public,gs.us-east1",not collected,SRX20411538,South Korea,Asia,South Korea,Illumina HiSeq 2500,CM-PC-TDW-2h-2,PAIRED,size fractionation,TRANSCRIPTOMIC,Capsicum annuum,ILLUMINA,2023-05-18T00:00:00Z,biological replicate 2,2023-05-18T04:57:00Z,1,"RNA-Seq of Capsicum annuum: Biotic stress, P.capsici_Mock treatment_8",RNA-seq,SRP438321,25,2h,Leaves,P.capsici_Mock,
SRR24630953,six weeks,RNA-Seq,302,1126578988,PRJNA973829,SAMN35152200,Plant,610094711,GYEONGSANG NATIONAL UNIVERSITY,public,Capsicum annuum,"sra,run.zq,fastq","s3,gs,ncbi","ncbi.public,gs.us-east1,s3.us-east-1",not collected,SRX20411537,South Korea,Asia,South Korea,Illumina HiSeq 2500,CM-PC-TDW-2h-1,PAIRED,size fractionation,TRANSCRIPTOMIC,Capsicum annuum,ILLUMINA,2023-05-18T00:00:00Z,biological replicate 1,2023-05-18T04:56:00Z,1,"RNA-Seq of Capsicum annuum: Biotic stress, P.capsici_Mock treatment_7",RNA-seq,SRP438321,25,2h,Leaves,P.capsici_Mock,
SRR24630974,six weeks,RNA-Seq,302,1700021118,PRJNA973829,SAMN35152178,Plant,1081978062,GYEONGSANG NATIONAL UNIVERSITY,public,Capsicum annuum,"sra,run.zq,fastq","ncbi,gs,s3","gs.us-east1,s3.us-east-1,ncbi.public",not collected,SRX20411516,South Korea,Asia,South Korea,Illumina HiSeq 2500,CM-PC-2h-3,PAIRED,size fractionation,TRANSCRIPTOMIC,Capsicum annuum,ILLUMINA,2023-05-18T00:00:00Z,biological replicate 3,2023-05-18T04:58:00Z,1,"RNA-Seq of Capsicum annuum: Biotic stress, P.capsici treatment_6",RNA-seq,SRP438321,25,2h,Leaves,Phytophthora capsici,
SRR24630985,six weeks,RNA-Seq,302,2050925790,PRJNA973829,SAMN35152177,Plant,1308503357,GYEONGSANG NATIONAL UNIVERSITY,public,Capsicum annuum,"sra,fastq,run.zq","gs,ncbi,s3","s3.us-east-1,gs.us-east1,ncbi.public",not collected,SRX20411505,South Korea,Asia,South Korea,Illumina HiSeq 2500,CM-PC-2h-2,PAIRED,size fractionation,TRANSCRIPTOMIC,Capsicum annuum,ILLUMINA,2023-05-18T00:00:00Z,biological replicate 2,2023-05-18T04:56:00Z,1,"RNA-Seq of Capsicum annuum: Biotic stress, P.capsici treatment_5",RNA-seq,SRP438321,25,2h,Leaves,Phytophthora capsici,
SRR24630881,six weeks,RNA-Seq,302,4404117038,PRJNA973829,SAMN35152259,Plant,1686114754,GYEONGSANG NATIONAL UNIVERSITY,public,Capsicum annuum,"fastq,sra,run.zq","ncbi,s3,gs","gs.us-east1,ncbi.public,s3.us-east-1",not collected,SRX20411609,South Korea,Asia,South Korea,HiSeq X Ten,XCV1-3h-3,PAIRED,size fractionation,TRANSCRIPTOMIC,Capsicum annuum,ILLUMINA,2023-05-18T00:00:00Z,biological replicate 3,2023-05-18T05:01:00Z,1,"RNA-Seq of Capsicum annuum: Biotic stress, Xcv1 treatment_3",RNA-seq,SRP438321,25,3h,Leaves,Xanthomonas campestris pv. vesicatoria race 1,
SRR24630882,six weeks,RNA-Seq,302,4747765858,PRJNA973829,SAMN35152258,Plant,1820078355,GYEONGSANG NATIONAL UNIVERSITY,public,Capsicum annuum,"fastq,run.zq,sra","ncbi,s3,gs","s3.us-east-1,gs.us-east1,ncbi.public",not collected,SRX20411608,South Korea,Asia,South Korea,HiSeq X Ten,XCV1-3h-2,PAIRED,size fractionation,TRANSCRIPTOMIC,Capsicum annuum,ILLUMINA,2023-05-18T00:00:00Z,biological replicate 2,2023-05-18T05:01:00Z,1,"RNA-Seq of Capsicum annuum: Biotic stress, Xcv1 treatment_2",RNA-seq,SRP438321,25,3h,Leaves,Xanthomonas campestris pv. vesicatoria race 1,
SRR24630883,six weeks,RNA-Seq,302,4811994312,PRJNA973829,SAMN35152251,Plant,1841515048,GYEONGSANG NATIONAL UNIVERSITY,public,Capsicum annuum,"run.zq,fastq,sra","ncbi,gs,s3","s3.us-east-1,gs.us-east1,ncbi.public",not collected,SRX20411607,South Korea,Asia,South Korea,HiSeq X Ten,XCV1-3h-1,PAIRED,size fractionation,TRANSCRIPTOMIC,Capsicum annuum,ILLUMINA,2023-05-18T00:00:00Z,biological replicate 1,2023-05-18T05:09:00Z,1,"RNA-Seq of Capsicum annuum: Biotic stress, Xcv1 treatment_1",RNA-seq,SRP438321,25,3h,Leaves,Xanthomonas campestris pv. vesicatoria race 1,
SRR24630893,six weeks,RNA-Seq,202,827447550,PRJNA973829,SAMN35152231,Plant,422924966,GYEONGSANG NATIONAL UNIVERSITY,public,Capsicum annuum,"run.zq,sra,fastq","ncbi,s3,gs","gs.us-east1,ncbi.public,s3.us-east-1",not collected,SRX20411597,South Korea,Asia,South Korea,Illumina HiSeq 2000,Xag8ra_Mock_3h-3,PAIRED,size fractionation,TRANSCRIPTOMIC,Capsicum annuum,ILLUMINA,2023-05-18T00:00:00Z,biological replicate 3,2023-05-18T04:56:00Z,1,"RNA-Seq of Capsicum annuum: Biotic stress, Xag8ra_Mock treatment_8",RNA-seq,SRP438321,25,3h,Leaves,Xag8ra_Mock,
SRR24630894,six weeks,RNA-Seq,202,798626594,PRJNA973829,SAMN35152230,Plant,407260358,GYEONGSANG NATIONAL UNIVERSITY,public,Capsicum annuum,"fastq,run.zq,sra","ncbi,gs,s3","gs.us-east1,ncbi.public,s3.us-east-1",not collected,SRX20411596,South Korea,Asia,South Korea,Illumina HiSeq 2000,Xag8ra_Mock_3h-2,PAIRED,size fractionation,TRANSCRIPTOMIC,Capsicum annuum,ILLUMINA,2023-05-18T00:00:00Z,biological replicate 2,2023-05-18T04:56:00Z,1,"RNA-Seq of Capsicum annuum: Biotic stress, Xag8ra_Mock treatment_7",RNA-seq,SRP438321,25,3h,Leaves,Xag8ra_Mock,
SRR24630896,six weeks,RNA-Seq,202,767938350,PRJNA973829,SAMN35152229,Plant,393884568,GYEONGSANG NATIONAL UNIVERSITY,public,Capsicum annuum,"fastq,run.zq,sra","ncbi,s3,gs","gs.us-east1,ncbi.public,s3.us-east-1",not collected,SRX20411594,South Korea,Asia,South Korea,Illumina HiSeq 2000,Xag8ra_Mock_3h-1,PAIRED,size fractionation,TRANSCRIPTOMIC,Capsicum annuum,ILLUMINA,2023-05-18T00:00:00Z,biological replicate 1,2023-05-18T04:56:00Z,1,"RNA-Seq of Capsicum annuum: Biotic stress, Xag8ra_Mock treatment_6",RNA-seq,SRP438321,25,3h,Leaves,Xag8ra_Mock,
SRR24630912,six weeks,RNA-Seq,202,843692592,PRJNA973829,SAMN35152213,Plant,431642640,GYEONGSANG NATIONAL UNIVERSITY,public,Capsicum annuum,"sra,run.zq,fastq","s3,gs,ncbi","s3.us-east-1,ncbi.public,gs.us-east1",not collected,SRX20411578,South Korea,Asia,South Korea,Illumina HiSeq 2000,Xag3h-3,PAIRED,size fractionation,TRANSCRIPTOMIC,Capsicum annuum,ILLUMINA,2023-05-18T00:00:00Z,biological replicate 3,2023-05-18T04:56:00Z,1,"RNA-Seq of Capsicum annuum: Biotic stress, Xag8ra treatment_6",RNA-seq,SRP438321,25,3h,Leaves,Xanthomonas axonopodis pv. glycines 8ra,
SRR24630913,six weeks,RNA-Seq,202,950832584,PRJNA973829,SAMN35152212,Plant,484334655,GYEONGSANG NATIONAL UNIVERSITY,public,Capsicum annuum,"run.zq,sra,fastq","gs,ncbi,s3","s3.us-east-1,gs.us-east1,ncbi.public",not collected,SRX20411577,South Korea,Asia,South Korea,Illumina HiSeq 2000,Xag3h-2,PAIRED,size fractionation,TRANSCRIPTOMIC,Capsicum annuum,ILLUMINA,2023-05-18T00:00:00Z,biological replicate 2,2023-05-18T04:56:00Z,1,"RNA-Seq of Capsicum annuum: Biotic stress, Xag8ra treatment_5",RNA-seq,SRP438321,25,3h,Leaves,Xanthomonas axonopodis pv. glycines 8ra,
SRR24630914,six weeks,RNA-Seq,202,970936634,PRJNA973829,SAMN35152211,Plant,494911524,GYEONGSANG NATIONAL UNIVERSITY,public,Capsicum annuum,"sra,fastq,run.zq","s3,ncbi,gs","gs.us-east1,ncbi.public,s3.us-east-1",not collected,SRX20411576,South Korea,Asia,South Korea,Illumina HiSeq 2000,Xag3h-1,PAIRED,size fractionation,TRANSCRIPTOMIC,Capsicum annuum,ILLUMINA,2023-05-18T00:00:00Z,biological replicate 1,2023-05-18T04:56:00Z,1,"RNA-Seq of Capsicum annuum: Biotic stress, Xag8ra treatment_4",RNA-seq,SRP438321,25,3h,Leaves,Xanthomonas axonopodis pv. glycines 8ra,
SRR24630931,six weeks,RNA-Seq,302,6594737458,PRJNA973829,SAMN35152247,Plant,2519508360,GYEONGSANG NATIONAL UNIVERSITY,public,Capsicum annuum,"sra,fastq,run.zq","gs,ncbi,s3","ncbi.public,gs.us-east1,s3.us-east-1",not collected,SRX20411559,South Korea,Asia,South Korea,HiSeq X Ten,mock-3h-3,PAIRED,size fractionation,TRANSCRIPTOMIC,Capsicum annuum,ILLUMINA,2023-05-18T00:00:00Z,biological replicate 3,2023-05-18T05:12:00Z,1,"RNA-Seq of Capsicum annuum: Biotic stress, Xcv_Mock treatment_6",RNA-seq,SRP438321,25,3h,Leaves,Xcv_Mock,
SRR24630932,six weeks,RNA-Seq,302,4224577736,PRJNA973829,SAMN35152246,Plant,1620311812,GYEONGSANG NATIONAL UNIVERSITY,public,Capsicum annuum,"run.zq,sra,fastq","s3,gs,ncbi","gs.us-east1,ncbi.public,s3.us-east-1",not collected,SRX20411558,South Korea,Asia,South Korea,HiSeq X Ten,mock-3h-2,PAIRED,size fractionation,TRANSCRIPTOMIC,Capsicum annuum,ILLUMINA,2023-05-18T00:00:00Z,biological replicate 2,2023-05-18T04:59:00Z,1,"RNA-Seq of Capsicum annuum: Biotic stress, Xcv_Mock treatment_5",RNA-seq,SRP438321,25,3h,Leaves,Xcv_Mock,
SRR24630933,six weeks,RNA-Seq,302,5813442620,PRJNA973829,SAMN35152245,Plant,2244554132,GYEONGSANG NATIONAL UNIVERSITY,public,Capsicum annuum,"fastq,sra,run.zq","gs,ncbi,s3","s3.us-east-1,gs.us-east1,ncbi.public",not collected,SRX20411557,South Korea,Asia,South Korea,HiSeq X Ten,mock-3h-1,PAIRED,size fractionation,TRANSCRIPTOMIC,Capsicum annuum,ILLUMINA,2023-05-18T00:00:00Z,biological replicate 1,2023-05-18T05:07:00Z,1,"RNA-Seq of Capsicum annuum: Biotic stress, Xcv_Mock treatment_4",RNA-seq,SRP438321,25,3h,Leaves,Xcv_Mock,
SRR24630977,six weeks,RNA-Seq,302,5472003836,PRJNA973829,SAMN35152274,Plant,2128994288,GYEONGSANG NATIONAL UNIVERSITY,public,Capsicum annuum,"run.zq,sra,fastq","s3,ncbi,gs","s3.us-east-1,ncbi.public,gs.us-east1",not collected,SRX20411513,South Korea,Asia,South Korea,HiSeq X Ten,XCV3-3h-3,PAIRED,size fractionation,TRANSCRIPTOMIC,Capsicum annuum,ILLUMINA,2023-05-18T00:00:00Z,biological replicate 3,2023-05-18T05:06:00Z,1,"RNA-Seq of Capsicum annuum: Biotic stress, Xcv3 treatment_3",RNA-seq,SRP438321,25,3h,Leaves,Xanthomonas campestris pv. vesicatoria race 3,
SRR24630978,six weeks,RNA-Seq,302,6536814462,PRJNA973829,SAMN35152273,Plant,2481616782,GYEONGSANG NATIONAL UNIVERSITY,public,Capsicum annuum,"fastq,sra,run.zq","ncbi,gs,s3","gs.us-east1,s3.us-east-1,ncbi.public",not collected,SRX20411512,South Korea,Asia,South Korea,HiSeq X Ten,XCV3-3h-2,PAIRED,size fractionation,TRANSCRIPTOMIC,Capsicum annuum,ILLUMINA,2023-05-18T00:00:00Z,biological replicate 2,2023-05-18T05:13:00Z,1,"RNA-Seq of Capsicum annuum: Biotic stress, Xcv3 treatment_2",RNA-seq,SRP438321,25,3h,Leaves,Xanthomonas campestris pv. vesicatoria race 3,
SRR24630979,six weeks,RNA-Seq,302,4679349872,PRJNA973829,SAMN35152266,Plant,1796700182,GYEONGSANG NATIONAL UNIVERSITY,public,Capsicum annuum,"fastq,sra,run.zq","gs,s3,ncbi","ncbi.public,s3.us-east-1,gs.us-east1",not collected,SRX20411511,South Korea,Asia,South Korea,HiSeq X Ten,xcv3-3h-1,PAIRED,size fractionation,TRANSCRIPTOMIC,Capsicum annuum,ILLUMINA,2023-05-18T00:00:00Z,biological replicate 1,2023-05-18T05:05:00Z,1,"RNA-Seq of Capsicum annuum: Biotic stress, Xcv3 treatment_1",RNA-seq,SRP438321,25,3h,Leaves,Xanthomonas campestris pv. vesicatoria race 3,
SRR24630878,six weeks,RNA-Seq,302,6292093594,PRJNA973829,SAMN35152257,Plant,2456278040,GYEONGSANG NATIONAL UNIVERSITY,public,Capsicum annuum,"sra,run.zq,fastq","s3,gs,ncbi","ncbi.public,gs.us-east1,s3.us-east-1",not collected,SRX20411612,South Korea,Asia,South Korea,HiSeq X Ten,XCV1-48h-3,PAIRED,size fractionation,TRANSCRIPTOMIC,Capsicum annuum,ILLUMINA,2023-05-18T00:00:00Z,biological replicate 3,2023-05-18T05:08:00Z,1,"RNA-Seq of Capsicum annuum: Biotic stress, Xcv1 treatment_15",RNA-seq,SRP438321,25,48h,Leaves,Xanthomonas campestris pv. vesicatoria race 1,
SRR24630879,six weeks,RNA-Seq,302,5858101474,PRJNA973829,SAMN35152256,Plant,2245864111,GYEONGSANG NATIONAL UNIVERSITY,public,Capsicum annuum,"run.zq,fastq,sra","gs,s3,ncbi","s3.us-east-1,gs.us-east1,ncbi.public",not collected,SRX20411611,South Korea,Asia,South Korea,HiSeq X Ten,XCV1-48h-2,PAIRED,size fractionation,TRANSCRIPTOMIC,Capsicum annuum,ILLUMINA,2023-05-18T00:00:00Z,biological replicate 2,2023-05-18T05:03:00Z,1,"RNA-Seq of Capsicum annuum: Biotic stress, Xcv1 treatment_14",RNA-seq,SRP438321,25,48h,Leaves,Xanthomonas campestris pv. vesicatoria race 1,
SRR24630880,six weeks,RNA-Seq,302,5596183216,PRJNA973829,SAMN35152255,Plant,2163550587,GYEONGSANG NATIONAL UNIVERSITY,public,Capsicum annuum,"sra,fastq,run.zq","gs,ncbi,s3","s3.us-east-1,gs.us-east1,ncbi.public",not collected,SRX20411610,South Korea,Asia,South Korea,HiSeq X Ten,XCV1-48h-1,PAIRED,size fractionation,TRANSCRIPTOMIC,Capsicum annuum,ILLUMINA,2023-05-18T00:00:00Z,biological replicate 1,2023-05-18T05:05:00Z,1,"RNA-Seq of Capsicum annuum: Biotic stress, Xcv1 treatment_13",RNA-seq,SRP438321,25,48h,Leaves,Xanthomonas campestris pv. vesicatoria race 1,
SRR24630927,six weeks,RNA-Seq,302,5229262276,PRJNA973829,SAMN35152242,Plant,2050334540,GYEONGSANG NATIONAL UNIVERSITY,public,Capsicum annuum,"fastq,run.zq,sra","gs,ncbi,s3","gs.us-east1,s3.us-east-1,ncbi.public",not collected,SRX20411563,South Korea,Asia,South Korea,HiSeq X Ten,mock-48h-3,PAIRED,size fractionation,TRANSCRIPTOMIC,Capsicum annuum,ILLUMINA,2023-05-18T00:00:00Z,biological replicate 3,2023-05-18T05:04:00Z,1,"RNA-Seq of Capsicum annuum: Biotic stress, Xcv_Mock treatment_18",RNA-seq,SRP438321,25,48h,Leaves,Xcv_Mock,
SRR24630929,six weeks,RNA-Seq,302,4835385722,PRJNA973829,SAMN35152241,Plant,1886815124,GYEONGSANG NATIONAL UNIVERSITY,public,Capsicum annuum,"run.zq,sra,fastq","gs,ncbi,s3","s3.us-east-1,gs.us-east1,ncbi.public",not collected,SRX20411561,South Korea,Asia,South Korea,HiSeq X Ten,mock-48h-2,PAIRED,size fractionation,TRANSCRIPTOMIC,Capsicum annuum,ILLUMINA,2023-05-18T00:00:00Z,biological replicate 2,2023-05-18T05:03:00Z,1,"RNA-Seq of Capsicum annuum: Biotic stress, Xcv_Mock treatment_17",RNA-seq,SRP438321,25,48h,Leaves,Xcv_Mock,
SRR24630930,six weeks,RNA-Seq,302,5217659738,PRJNA973829,SAMN35152240,Plant,2094774177,GYEONGSANG NATIONAL UNIVERSITY,public,Capsicum annuum,"run.zq,sra,fastq","s3,ncbi,gs","gs.us-east1,s3.us-east-1,ncbi.public",not collected,SRX20411560,South Korea,Asia,South Korea,HiSeq X Ten,mock-48h-1,PAIRED,size fractionation,TRANSCRIPTOMIC,Capsicum annuum,ILLUMINA,2023-05-18T00:00:00Z,biological replicate 1,2023-05-18T05:05:00Z,1,"RNA-Seq of Capsicum annuum: Biotic stress, Xcv_Mock treatment_16",RNA-seq,SRP438321,25,48h,Leaves,Xcv_Mock,
SRR24630973,six weeks,RNA-Seq,302,4897835396,PRJNA973829,SAMN35152272,Plant,1881796276,GYEONGSANG NATIONAL UNIVERSITY,public,Capsicum annuum,"run.zq,fastq,sra","s3,ncbi,gs","gs.us-east1,s3.us-east-1,ncbi.public",not collected,SRX20411517,South Korea,Asia,South Korea,HiSeq X Ten,XCV3-48h-3,PAIRED,size fractionation,TRANSCRIPTOMIC,Capsicum annuum,ILLUMINA,2023-05-18T00:00:00Z,biological replicate 3,2023-05-18T05:08:00Z,1,"RNA-Seq of Capsicum annuum: Biotic stress, Xcv3 treatment_15",RNA-seq,SRP438321,25,48h,Leaves,Xanthomonas campestris pv. vesicatoria race 3,
SRR24630975,six weeks,RNA-Seq,302,5223160668,PRJNA973829,SAMN35152271,Plant,1965301214,GYEONGSANG NATIONAL UNIVERSITY,public,Capsicum annuum,"run.zq,fastq,sra","ncbi,gs,s3","s3.us-east-1,ncbi.public,gs.us-east1",not collected,SRX20411515,South Korea,Asia,South Korea,HiSeq X Ten,XCV3-48h-2,PAIRED,size fractionation,TRANSCRIPTOMIC,Capsicum annuum,ILLUMINA,2023-05-18T00:00:00Z,biological replicate 2,2023-05-18T05:08:00Z,1,"RNA-Seq of Capsicum annuum: Biotic stress, Xcv3 treatment_14",RNA-seq,SRP438321,25,48h,Leaves,Xanthomonas campestris pv. vesicatoria race 3,
SRR24630976,six weeks,RNA-Seq,302,5381620672,PRJNA973829,SAMN35152270,Plant,2086094977,GYEONGSANG NATIONAL UNIVERSITY,public,Capsicum annuum,"run.zq,sra,fastq","gs,s3,ncbi","ncbi.public,s3.us-east-1,gs.us-east1",not collected,SRX20411514,South Korea,Asia,South Korea,HiSeq X Ten,XCV3-48h-1,PAIRED,size fractionation,TRANSCRIPTOMIC,Capsicum annuum,ILLUMINA,2023-05-18T00:00:00Z,biological replicate 1,2023-05-18T05:08:00Z,1,"RNA-Seq of Capsicum annuum: Biotic stress, Xcv3 treatment_13",RNA-seq,SRP438321,25,48h,Leaves,Xanthomonas campestris pv. vesicatoria race 3,
SRR24630947,six weeks,RNA-Seq,302,1018318934,PRJNA973829,SAMN35152185,Plant,549508222,GYEONGSANG NATIONAL UNIVERSITY,public,Capsicum annuum,"run.zq,fastq,sra","gs,s3,ncbi","ncbi.public,s3.us-east-1,gs.us-east1",not collected,SRX20411543,South Korea,Asia,South Korea,Illumina HiSeq 2500,CM-PC-TDW-4h-3,PAIRED,size fractionation,TRANSCRIPTOMIC,Capsicum annuum,ILLUMINA,2023-05-18T00:00:00Z,biological replicate 3,2023-05-18T04:56:00Z,1,"RNA-Seq of Capsicum annuum: Biotic stress, P.capsici_Mock treatment_12",RNA-seq,SRP438321,25,4h,Leaves,P.capsici_Mock,
SRR24630948,six weeks,RNA-Seq,302,1122422260,PRJNA973829,SAMN35152184,Plant,604620104,GYEONGSANG NATIONAL UNIVERSITY,public,Capsicum annuum,"sra,fastq,run.zq","ncbi,s3,gs","ncbi.public,gs.us-east1,s3.us-east-1",not collected,SRX20411542,South Korea,Asia,South Korea,Illumina HiSeq 2500,CM-PC-TDW-4h-2,PAIRED,size fractionation,TRANSCRIPTOMIC,Capsicum annuum,ILLUMINA,2023-05-18T00:00:00Z,biological replicate 2,2023-05-18T04:56:00Z,1,"RNA-Seq of Capsicum annuum: Biotic stress, P.capsici_Mock treatment_11",RNA-seq,SRP438321,25,4h,Leaves,P.capsici_Mock,
SRR24630949,six weeks,RNA-Seq,302,1059905844,PRJNA973829,SAMN35152183,Plant,569573140,GYEONGSANG NATIONAL UNIVERSITY,public,Capsicum annuum,"run.zq,fastq,sra","gs,s3,ncbi","gs.us-east1,ncbi.public,s3.us-east-1",not collected,SRX20411541,South Korea,Asia,South Korea,Illumina HiSeq 2500,CM-PC-TDW-4h-1,PAIRED,size fractionation,TRANSCRIPTOMIC,Capsicum annuum,ILLUMINA,2023-05-18T00:00:00Z,biological replicate 1,2023-05-18T04:56:00Z,1,"RNA-Seq of Capsicum annuum: Biotic stress, P.capsici_Mock treatment_10",RNA-seq,SRP438321,25,4h,Leaves,P.capsici_Mock,
SRR24630967,six weeks,RNA-Seq,302,2302892242,PRJNA973829,SAMN35152181,Plant,1463072987,GYEONGSANG NATIONAL UNIVERSITY,public,Capsicum annuum,"fastq,run.zq,sra","gs,s3,ncbi","ncbi.public,s3.us-east-1,gs.us-east1",not collected,SRX20411523,South Korea,Asia,South Korea,Illumina HiSeq 2500,CM-PC-4h-3,PAIRED,size fractionation,TRANSCRIPTOMIC,Capsicum annuum,ILLUMINA,2023-05-18T00:00:00Z,biological replicate 3,2023-05-18T05:01:00Z,1,"RNA-Seq of Capsicum annuum: Biotic stress, P.capsici treatment_9",RNA-seq,SRP438321,25,4h,Leaves,Phytophthora capsici,
SRR24630968,six weeks,RNA-Seq,302,2421360198,PRJNA973829,SAMN35152180,Plant,1543300399,GYEONGSANG NATIONAL UNIVERSITY,public,Capsicum annuum,"sra,run.zq,fastq","gs,s3,ncbi","s3.us-east-1,ncbi.public,gs.us-east1",not collected,SRX20411522,South Korea,Asia,South Korea,Illumina HiSeq 2500,CM-PC-4h-2,PAIRED,size fractionation,TRANSCRIPTOMIC,Capsicum annuum,ILLUMINA,2023-05-18T00:00:00Z,biological replicate 2,2023-05-18T04:59:00Z,1,"RNA-Seq of Capsicum annuum: Biotic stress, P.capsici treatment_8",RNA-seq,SRP438321,25,4h,Leaves,Phytophthora capsici,
SRR24630969,six weeks,RNA-Seq,302,2037526956,PRJNA973829,SAMN35152179,Plant,1294012314,GYEONGSANG NATIONAL UNIVERSITY,public,Capsicum annuum,"sra,run.zq,fastq","s3,ncbi,gs","gs.us-east1,s3.us-east-1,ncbi.public",not collected,SRX20411521,South Korea,Asia,South Korea,Illumina HiSeq 2500,CM-PC-4h-1,PAIRED,size fractionation,TRANSCRIPTOMIC,Capsicum annuum,ILLUMINA,2023-05-18T00:00:00Z,biological replicate 1,2023-05-18T04:58:00Z,1,"RNA-Seq of Capsicum annuum: Biotic stress, P.capsici treatment_7",RNA-seq,SRP438321,25,4h,Leaves,Phytophthora capsici,
SRR24630875,six weeks,RNA-Seq,302,6677335666,PRJNA973829,SAMN35152262,Plant,2568724653,GYEONGSANG NATIONAL UNIVERSITY,public,Capsicum annuum,"sra,run.zq,fastq","s3,ncbi,gs","s3.us-east-1,ncbi.public,gs.us-east1",not collected,SRX20411615,South Korea,Asia,South Korea,HiSeq X Ten,XCV1-6h-3,PAIRED,size fractionation,TRANSCRIPTOMIC,Capsicum annuum,ILLUMINA,2023-05-18T00:00:00Z,biological replicate 3,2023-05-18T05:01:00Z,1,"RNA-Seq of Capsicum annuum: Biotic stress, Xcv1 treatment_6",RNA-seq,SRP438321,25,6h,Leaves,Xanthomonas campestris pv. vesicatoria race 1,
SRR24630876,six weeks,RNA-Seq,302,7190394406,PRJNA973829,SAMN35152261,Plant,2762451204,GYEONGSANG NATIONAL UNIVERSITY,public,Capsicum annuum,"run.zq,sra,fastq","s3,gs,ncbi","gs.us-east1,s3.us-east-1,ncbi.public",not collected,SRX20411614,South Korea,Asia,South Korea,HiSeq X Ten,XCV1-6h-2,PAIRED,size fractionation,TRANSCRIPTOMIC,Capsicum annuum,ILLUMINA,2023-05-18T00:00:00Z,biological replicate 2,2023-05-18T05:01:00Z,1,"RNA-Seq of Capsicum annuum: Biotic stress, Xcv1 treatment_5",RNA-seq,SRP438321,25,6h,Leaves,Xanthomonas campestris pv. vesicatoria race 1,
SRR24630877,six weeks,RNA-Seq,302,5842145908,PRJNA973829,SAMN35152260,Plant,2242563036,GYEONGSANG NATIONAL UNIVERSITY,public,Capsicum annuum,"fastq,run.zq,sra","ncbi,s3,gs","ncbi.public,gs.us-east1,s3.us-east-1",not collected,SRX20411613,South Korea,Asia,South Korea,HiSeq X Ten,XCV1-6h-1,PAIRED,size fractionation,TRANSCRIPTOMIC,Capsicum annuum,ILLUMINA,2023-05-18T00:00:00Z,biological replicate 1,2023-05-18T04:59:00Z,1,"RNA-Seq of Capsicum annuum: Biotic stress, Xcv1 treatment_4",RNA-seq,SRP438321,25,6h,Leaves,Xanthomonas campestris pv. vesicatoria race 1,
SRR24630891,six weeks,RNA-Seq,202,767289324,PRJNA973829,SAMN35152218,Plant,391533763,GYEONGSANG NATIONAL UNIVERSITY,public,Capsicum annuum,"sra,fastq,run.zq","ncbi,gs,s3","ncbi.public,gs.us-east1,s3.us-east-1",not collected,SRX20411599,South Korea,Asia,South Korea,Illumina HiSeq 2000,Xag8ra_Mock_6h-2,PAIRED,size fractionation,TRANSCRIPTOMIC,Capsicum annuum,ILLUMINA,2023-05-18T00:00:00Z,biological replicate 2,2023-05-18T04:56:00Z,1,"RNA-Seq of Capsicum annuum: Biotic stress, Xag8ra_Mock treatment_10",RNA-seq,SRP438321,25,6h,Leaves,Xag8ra_Mock,
SRR24630892,six weeks,RNA-Seq,202,780801306,PRJNA973829,SAMN35152232,Plant,397539023,GYEONGSANG NATIONAL UNIVERSITY,public,Capsicum annuum,"run.zq,fastq,sra","s3,ncbi,gs","ncbi.public,s3.us-east-1,gs.us-east1",not collected,SRX20411598,South Korea,Asia,South Korea,Illumina HiSeq 2000,Xag8ra_Mock_6h-1,PAIRED,size fractionation,TRANSCRIPTOMIC,Capsicum annuum,ILLUMINA,2023-05-18T00:00:00Z,biological replicate 1,2023-05-18T04:56:00Z,1,"RNA-Seq of Capsicum annuum: Biotic stress, Xag8ra_Mock treatment_9",RNA-seq,SRP438321,25,6h,Leaves,Xag8ra_Mock,
SRR24630909,six weeks,RNA-Seq,202,746164366,PRJNA973829,SAMN35152216,Plant,378491149,GYEONGSANG NATIONAL UNIVERSITY,public,Capsicum annuum,"fastq,sra,run.zq","gs,s3,ncbi","s3.us-east-1,gs.us-east1,ncbi.public",not collected,SRX20411581,South Korea,Asia,South Korea,Illumina HiSeq 2000,Xag6h-3,PAIRED,size fractionation,TRANSCRIPTOMIC,Capsicum annuum,ILLUMINA,2023-05-18T00:00:00Z,biological replicate 3,2023-05-18T04:56:00Z,1,"RNA-Seq of Capsicum annuum: Biotic stress, Xag8ra treatment_9",RNA-seq,SRP438321,25,6h,Leaves,Xanthomonas axonopodis pv. glycines 8ra,
SRR24630910,six weeks,RNA-Seq,202,746500090,PRJNA973829,SAMN35152215,Plant,377114732,GYEONGSANG NATIONAL UNIVERSITY,public,Capsicum annuum,"sra,fastq,run.zq","s3,ncbi,gs","ncbi.public,gs.us-east1,s3.us-east-1",not collected,SRX20411580,South Korea,Asia,South Korea,Illumina HiSeq 2000,Xag6h-2,PAIRED,size fractionation,TRANSCRIPTOMIC,Capsicum annuum,ILLUMINA,2023-05-18T00:00:00Z,biological replicate 2,2023-05-18T04:56:00Z,1,"RNA-Seq of Capsicum annuum: Biotic stress, Xag8ra treatment_8",RNA-seq,SRP438321,25,6h,Leaves,Xanthomonas axonopodis pv. glycines 8ra,
SRR24630911,six weeks,RNA-Seq,202,714427742,PRJNA973829,SAMN35152214,Plant,361257942,GYEONGSANG NATIONAL UNIVERSITY,public,Capsicum annuum,"fastq,sra,run.zq","ncbi,gs,s3","ncbi.public,s3.us-east-1,gs.us-east1",not collected,SRX20411579,South Korea,Asia,South Korea,Illumina HiSeq 2000,Xag6h-1,PAIRED,size fractionation,TRANSCRIPTOMIC,Capsicum annuum,ILLUMINA,2023-05-18T00:00:00Z,biological replicate 1,2023-05-18T04:56:00Z,1,"RNA-Seq of Capsicum annuum: Biotic stress, Xag8ra treatment_7",RNA-seq,SRP438321,25,6h,Leaves,Xanthomonas axonopodis pv. glycines 8ra,
SRR24630924,six weeks,RNA-Seq,302,5334705878,PRJNA973829,SAMN35152250,Plant,2046472768,GYEONGSANG NATIONAL UNIVERSITY,public,Capsicum annuum,"run.zq,fastq,sra","gs,ncbi,s3","ncbi.public,gs.us-east1,s3.us-east-1",not collected,SRX20411566,South Korea,Asia,South Korea,HiSeq X Ten,mock-6h-3,PAIRED,size fractionation,TRANSCRIPTOMIC,Capsicum annuum,ILLUMINA,2023-05-18T00:00:00Z,biological replicate 3,2023-05-18T05:05:00Z,1,"RNA-Seq of Capsicum annuum: Biotic stress, Xcv_Mock treatment_9",RNA-seq,SRP438321,25,6h,Leaves,Xcv_Mock,
SRR24630925,six weeks,RNA-Seq,302,4590196452,PRJNA973829,SAMN35152249,Plant,1790294175,GYEONGSANG NATIONAL UNIVERSITY,public,Capsicum annuum,"run.zq,fastq,sra","s3,gs,ncbi","gs.us-east1,ncbi.public,s3.us-east-1",not collected,SRX20411565,South Korea,Asia,South Korea,HiSeq X Ten,mock-6h-2,PAIRED,size fractionation,TRANSCRIPTOMIC,Capsicum annuum,ILLUMINA,2023-05-18T00:00:00Z,biological replicate 2,2023-05-18T05:01:00Z,1,"RNA-Seq of Capsicum annuum: Biotic stress, Xcv_Mock treatment_8",RNA-seq,SRP438321,25,6h,Leaves,Xcv_Mock,
SRR24630926,six weeks,RNA-Seq,302,4886455432,PRJNA973829,SAMN35152248,Plant,1903804766,GYEONGSANG NATIONAL UNIVERSITY,public,Capsicum annuum,"sra,run.zq,fastq","s3,ncbi,gs","s3.us-east-1,ncbi.public,gs.us-east1",not collected,SRX20411564,South Korea,Asia,South Korea,HiSeq X Ten,mock-6h-1,PAIRED,size fractionation,TRANSCRIPTOMIC,Capsicum annuum,ILLUMINA,2023-05-18T00:00:00Z,biological replicate 1,2023-05-18T05:03:00Z,1,"RNA-Seq of Capsicum annuum: Biotic stress, Xcv_Mock treatment_7",RNA-seq,SRP438321,25,6h,Leaves,Xcv_Mock,
SRR24630944,six weeks,RNA-Seq,302,540201896,PRJNA973829,SAMN35152188,Plant,288705995,GYEONGSANG NATIONAL UNIVERSITY,public,Capsicum annuum,"sra,run.zq,fastq","ncbi,gs,s3","s3.us-east-1,ncbi.public,gs.us-east1",not collected,SRX20411546,South Korea,Asia,South Korea,Illumina HiSeq 2500,CM-PC-TDW-6h-3,PAIRED,size fractionation,TRANSCRIPTOMIC,Capsicum annuum,ILLUMINA,2023-05-18T00:00:00Z,biological replicate 3,2023-05-18T04:55:00Z,1,"RNA-Seq of Capsicum annuum: Biotic stress, P.capsici_Mock treatment_15",RNA-seq,SRP438321,25,6h,Leaves,P.capsici_Mock,
SRR24630945,six weeks,RNA-Seq,302,422917780,PRJNA973829,SAMN35152187,Plant,229253503,GYEONGSANG NATIONAL UNIVERSITY,public,Capsicum annuum,"run.zq,sra,fastq","gs,ncbi,s3","ncbi.public,gs.us-east1,s3.us-east-1",not collected,SRX20411545,South Korea,Asia,South Korea,Illumina HiSeq 2500,CM-PC-TDW-6h-2,PAIRED,size fractionation,TRANSCRIPTOMIC,Capsicum annuum,ILLUMINA,2023-05-18T00:00:00Z,biological replicate 2,2023-05-18T04:55:00Z,1,"RNA-Seq of Capsicum annuum: Biotic stress, P.capsici_Mock treatment_14",RNA-seq,SRP438321,25,6h,Leaves,P.capsici_Mock,
SRR24630946,six weeks,RNA-Seq,302,446560756,PRJNA973829,SAMN35152186,Plant,239647113,GYEONGSANG NATIONAL UNIVERSITY,public,Capsicum annuum,"fastq,sra,run.zq","gs,s3,ncbi","gs.us-east1,s3.us-east-1,ncbi.public",not collected,SRX20411544,South Korea,Asia,South Korea,Illumina HiSeq 2500,CM-PC-TDW-6h-1,PAIRED,size fractionation,TRANSCRIPTOMIC,Capsicum annuum,ILLUMINA,2023-05-18T00:00:00Z,biological replicate 1,2023-05-18T04:55:00Z,1,"RNA-Seq of Capsicum annuum: Biotic stress, P.capsici_Mock treatment_13",RNA-seq,SRP438321,25,6h,Leaves,P.capsici_Mock,
SRR24630964,six weeks,RNA-Seq,302,2133171262,PRJNA973829,SAMN35152170,Plant,1358684940,GYEONGSANG NATIONAL UNIVERSITY,public,Capsicum annuum,"fastq,run.zq,sra","gs,ncbi,s3","gs.us-east1,ncbi.public,s3.us-east-1",not collected,SRX20411526,South Korea,Asia,South Korea,Illumina HiSeq 2500,CM-PC-6h-3,PAIRED,size fractionation,TRANSCRIPTOMIC,Capsicum annuum,ILLUMINA,2023-05-18T00:00:00Z,biological replicate 3,2023-05-18T04:56:00Z,1,"RNA-Seq of Capsicum annuum: Biotic stress, P.capsici treatment_12",RNA-seq,SRP438321,25,6h,Leaves,Phytophthora capsici,
SRR24630965,six weeks,RNA-Seq,302,2153997484,PRJNA973829,SAMN35152169,Plant,1369417937,GYEONGSANG NATIONAL UNIVERSITY,public,Capsicum annuum,"sra,run.zq,fastq","s3,ncbi,gs","ncbi.public,s3.us-east-1,gs.us-east1",not collected,SRX20411525,South Korea,Asia,South Korea,Illumina HiSeq 2500,CM-PC-6h-2,PAIRED,size fractionation,TRANSCRIPTOMIC,Capsicum annuum,ILLUMINA,2023-05-18T00:00:00Z,biological replicate 2,2023-05-18T04:59:00Z,1,"RNA-Seq of Capsicum annuum: Biotic stress, P.capsici treatment_11",RNA-seq,SRP438321,25,6h,Leaves,Phytophthora capsici,
SRR24630966,six weeks,RNA-Seq,302,2160738124,PRJNA973829,SAMN35152168,Plant,1380110978,GYEONGSANG NATIONAL UNIVERSITY,public,Capsicum annuum,"fastq,run.zq,sra","ncbi,s3,gs","gs.us-east1,s3.us-east-1,ncbi.public",not collected,SRX20411524,South Korea,Asia,South Korea,Illumina HiSeq 2500,CM-PC-6h-1,PAIRED,size fractionation,TRANSCRIPTOMIC,Capsicum annuum,ILLUMINA,2023-05-18T00:00:00Z,biological replicate 1,2023-05-18T04:58:00Z,1,"RNA-Seq of Capsicum annuum: Biotic stress, P.capsici treatment_10",RNA-seq,SRP438321,25,6h,Leaves,Phytophthora capsici,
SRR24630970,six weeks,RNA-Seq,302,6436806256,PRJNA973829,SAMN35152277,Plant,2455520475,GYEONGSANG NATIONAL UNIVERSITY,public,Capsicum annuum,"fastq,run.zq,sra","ncbi,s3,gs","ncbi.public,s3.us-east-1,gs.us-east1",not collected,SRX20411520,South Korea,Asia,South Korea,HiSeq X Ten,XCV3-6h-3,PAIRED,size fractionation,TRANSCRIPTOMIC,Capsicum annuum,ILLUMINA,2023-05-18T00:00:00Z,biological replicate 3,2023-05-18T05:08:00Z,1,"RNA-Seq of Capsicum annuum: Biotic stress, Xcv3 treatment_6",RNA-seq,SRP438321,25,6h,Leaves,Xanthomonas campestris pv. vesicatoria race 3,
SRR24630971,six weeks,RNA-Seq,302,6789631950,PRJNA973829,SAMN35152276,Plant,2549108555,GYEONGSANG NATIONAL UNIVERSITY,public,Capsicum annuum,"run.zq,sra,fastq","ncbi,s3,gs","gs.us-east1,s3.us-east-1,ncbi.public",not collected,SRX20411519,South Korea,Asia,South Korea,HiSeq X Ten,XCV3-6h-2,PAIRED,size fractionation,TRANSCRIPTOMIC,Capsicum annuum,ILLUMINA,2023-05-18T00:00:00Z,biological replicate 2,2023-05-18T05:13:00Z,1,"RNA-Seq of Capsicum annuum: Biotic stress, Xcv3 treatment_5",RNA-seq,SRP438321,25,6h,Leaves,Xanthomonas campestris pv. vesicatoria race 3,
SRR24630972,six weeks,RNA-Seq,302,6022996796,PRJNA973829,SAMN35152275,Plant,2284952219,GYEONGSANG NATIONAL UNIVERSITY,public,Capsicum annuum,"run.zq,fastq,sra","gs,ncbi,s3","gs.us-east1,ncbi.public,s3.us-east-1",not collected,SRX20411518,South Korea,Asia,South Korea,HiSeq X Ten,XCV3-6h-1,PAIRED,size fractionation,TRANSCRIPTOMIC,Capsicum annuum,ILLUMINA,2023-05-18T00:00:00Z,biological replicate 1,2023-05-18T05:03:00Z,1,"RNA-Seq of Capsicum annuum: Biotic stress, Xcv3 treatment_4",RNA-seq,SRP438321,25,6h,Leaves,Xanthomonas campestris pv. vesicatoria race 3,
